{
  "scanmap": {
    "blue": {
      "apertures": {
        "4": 0.51038149,
        "5": 0.59090795,
        "6": 0.64246825,
        "7": 0.68499151,
        "8": 0.72358178,
        "9": 0.75506769,
        "10": 0.77766401,
        "11": 0.79311750,
        "12": 0.80421963,
        "13": 0.81316582,
        "18": 0.85323257
      }
    },
    "green": {
      "apertures": {
        "4": 0.43233486,
        "5": 0.53858219,
        "6": 0.60709619,
        "7": 0.64758221,
        "8": 0.67523346,
        "9": 0.70113669,
        "10": 0.72872499,
        "11": 0.75587404,
        "12": 0.77934580,
        "13": 0.79750266,
        "18": 0.83775460
      }
    },
    "red": {
      "apertures": {
        "9": 0.60285744,
        "10": 0.63648941,
        "11": 0.66109192,
        "12": 0.68069402,
        "13": 0.69823897,
        "14": 0.71539456,
        "15": 0.73264778,
        "16": 0.73264778,
        "17": 0.73264778,
        "18": 0.78062339,
        "22": 0.82099944
      }
    }
  },
  "parallel": {
    "blue": {
      "apertures": {
        "4": 0.48568729,
        "5": 0.57677063,
        "6": 0.63711954,
        "7": 0.68279988,
        "8": 0.72112701,
        "9": 0.75212509,
        "10": 0.77541367,
        "11": 0.79189854,
        "12": 0.80393719,
        "13": 0.81352252,
        "18": 0.85362366
      }
    },
    "green": {
      "apertures": {
        "4": 0.41603825,
        "5": 0.52374518,
        "6": 0.59762350,
        "7": 0.64345951,
        "8": 0.67478775,
        "9": 0.70187234,
        "10": 0.72894335,
        "11": 0.75522026,
        "12": 0.77828212,
        "13": 0.79656283,
        "18": 0.83855337
      }
    },
    "red": {
      "apertures": {
        "9": 0.60285744,
        "10": 0.63648941,
        "11": 0.66109192,
        "12": 0.68069402,
        "13": 0.69823897,
        "14": 0.71539456,
        "15": 0.73264778,
        "16": 0.73264778,
        "17": 0.73264778,
        "18": 0.78062339,
        "22": 0.82099944
      }
    }
  }
}
