{
  "scanmap": {
    "blue": {
      "apertures": {
        "4": 0.560122,
        "5": 0.648448,
        "6": 0.704962,
        "7": 0.751542,
        "8": 0.793789,
        "9": 0.828222,
        "10": 0.852883,
        "11": 0.869687,
        "12": 0.881700,
        "13": 0.891332,
        "18": 0.934142
      }
    },
    "green": {
      "apertures": {
        "4": 0.43236138,
        "5": 0.53870222,
        "6": 0.60720273,
        "7": 0.64766271,
        "8": 0.67524566,
        "9": 0.70109612,
        "10": 0.72872369,
        "11": 0.75595273,
        "12": 0.77947606,
        "13": 0.79767258,
        "18": 0.83776069
      }
    },
    "red": {
      "apertures": {
        "9": 0.676202,
        "10": 0.713742,
        "11": 0.741218,
        "12": 0.762973,
        "13": 0.782437,
        "14": 0.801474,
        "15": 0.820634,
        "16": 0.839596,
        "17": 0.857607,
        "18": 0.873888,
        "22": 0.918027
      }
    }
  },
  "parallel": {
    "blue": {
      "apertures": {
        "4": 0.533066,
        "5": 0.633029,
        "6": 0.699142,
        "7": 0.749166,
        "8": 0.791147,
        "9": 0.825081,
        "10": 0.850492,
        "11": 0.868472,
        "12": 0.881466,
        "13": 0.891761,
        "18": 0.934650
      }
    },
    "green": {
      "apertures": {
        "4": 0.459120,
        "5": 0.578022,
        "6": 0.659498,
        "7": 0.709981,
        "8": 0.744392,
        "9": 0.774115,
        "10": 0.803882,
        "11": 0.832811,
        "12": 0.858160,
        "13": 0.878207,
        "18": 0.923324
      }
    },
    "red": {
      "apertures": {
        "9": 0.677528,
        "10": 0.715580,
        "11": 0.743531,
        "12": 0.765533,
        "13": 0.785058,
        "14": 0.804089,
        "15": 0.823213,
        "16": 0.842084,
        "17": 0.860015,
        "18": 0.876238,
        "22": 0.920135
      }
    }
  }
}
